"Carimbo de data/hora","Nome","Sexo","Telefone","Data de Nascimento","Rua","Bairro","Número","Ponto de Referência","Estado Civil","Esta sendo","Local de conversão","fixa preenchida no dia",""
"2022/02/19 9:11:00 PM GMT-3","ROBERTO ALVES DE JESUS","Masculino","66984069259","1989-06-22","RUA MN 02, CASA 08","MORADA NOVA","","CASA","Solteiro","Reconciliando","Canaã","2022-02-19","Adulto"
"2022/02/19 9:12:57 PM GMT-3","JURISVALDO DE SENA COSTA","Masculino","6684261254","1989-07-13","VILA CARACOL","P. A. INDEPENDENTE I","SN","CASA","Casado","Reconciliando","Sede","2022-02-19","Adulto"
"2022/02/20 9:11:32 PM GMT-3","Maria Lara ","Feminino","98439 3738 Mae Aline ","2007-02-14","","Rua São Cristovão  ","101","Condominio Fechado","Solteiro","Reconciliando","Sede","2022-02-20","Adolecente"
"2022/02/20 9:14:51 PM GMT-3","LUCAS  GABRIEL REZENDE","Masculino","99229 3534","2006-08-05","","","","00000","Solteiro","Reconciliando","Sede","2022-02-20","Adolecente"
"2022/02/20 9:18:22 PM GMT-3","EDVAN SILVA PEREIRA ","Masculino","IRMÃO ALENCAR  984526545","2000-07-18","RUA LAURINDO DOS SANTOS  25","VILA  NOVA ","25","00000","Solteiro","Reconciliando","Sede","2022-02-20","Jovem"
"2022/02/23 10:51:52 PM GMT-3","Criz Antunes","Masculino","66984185015","1998-07-15","na rua","no bairro","15","no centro","Solteiro","Convertida","Sede","2022-02-23",""
"2022/02/26 9:51:28 PM GMT-3","PAMELA COSTA BATISTA","Feminino","62 985201456","1998-05-05","RUA DO COMERCIO ","VILA NOVA","85","BOM VIZINHO","Solteiro","Reconciliando","Sede","2022-02-26",""
"2022/02/26 9:52:16 PM GMT-3","João Lucas silva Oliveira ","Masculino","","2004-06-04","Setor perto bom ","Mora na roça ","","Mora na roça ","Solteiro","Convertida","Sede","1996-02-26",""
"2022/02/26 9:53:29 PM GMT-3","RAFAELA ARAUJO LOPES","Feminino","","2009-11-23","","","","PROX. DONA MARIA CALDAS","Solteiro","Reconciliando","Sede","2022-02-26",""
"2022/02/27 10:09:25 PM GMT-3","ROBSON PEIXOTO DOS SANTOS","Masculino","","1982-11-30","","","","NADA","Solteiro","Convertida","Sede","2022-02-27",""
"2022/02/27 10:10:44 PM GMT-3","WMADSON SANTOS","Masculino","66984132103","1998-04-23","RUA JANIO QUADROS, SN","PAVILHAO","","NADA","Solteiro","Reconciliando","Sede","2022-02-27",""
"2022/02/27 10:10:47 PM GMT-3","Francisca da Silva Sousa ","Feminino","984741416","1998-11-15","Rua viela sivione","Centro ","14","Do lado do cartório ","Casado","Convertida","Sede","2022-02-27",""
"2022/02/27 10:11:53 PM GMT-3","MICHELE ARAUJO RODRIGUES","Feminino","66984636476","1998-12-14","RUA SANTO ANTONIO, 105","JARDIM PLANALTO","","NADA","Solteiro","Reconciliando","Sede","2022-02-27",""
"2022/02/27 10:12:18 PM GMT-3","Edmilson Araújo montel ","Masculino","66984355464","2003-09-02","Rua Santo Antônio ","Jardim planalto ","105","Casa do portão vermelho ","Solteiro","Reconciliando","Sede","2022-02-27",""
"2022/02/27 10:12:44 PM GMT-3","WEBITA SANANDA ARAUJO","Feminino","66984335697","2001-07-02","RUA SANTO ANTONIO, 105","JARDIM PLANALTO","","NADA","Solteiro","Reconciliando","Sede","2022-02-27",""
"2022/02/27 10:13:38 PM GMT-3","WISLEY RODRIGUES DE BRITO","Masculino","66984477120","1987-10-18","RUA 3, SN","BURITIS II","","NADA","Solteiro","Reconciliando","Sede","2022-02-27",""
"2022/03/03 3:48:14 PM GMT-3","Lauana Silva Souza","Feminino","66984047428","1999-06-10","","","","ACEITOU NA BETEL","Solteiro","Reconciliando","Betel","2022-02-28",""
"2022/03/06 9:34:30 PM GMT-3","MATEUS MILHOMEM","Masculino","66984037170","2004-03-19","RUA PROGRESSO","JARDIM VITORIA","119","NADA","Solteiro","Reconciliando","Sede","2022-03-06",""
"2022/03/06 9:35:41 PM GMT-3","WEMELLY LUANA","Feminino","66984368413","2005-08-10","RUA PARAISO","JARDIM VITORIA","19","NADA","Solteiro","Reconciliando","Sede","2022-03-06",""
"2022/03/06 9:36:29 PM GMT-3","LUCAS GABRIEL","Masculino","66984204858","2006-12-27","8 DE DEZEMBRO","JARDIM VITORIA","172","NADA","Solteiro","Convertida","Sede","2022-03-06",""
"2022/03/06 9:36:38 PM GMT-3","Wesley Nunes gama ","Masculino","","1983-03-27","Cana brava ","","","Nao tem","Solteiro","Reconciliando","Betel","2022-02-28",""
"2022/03/06 9:37:22 PM GMT-3","ESTEFANI  NASCIMENTO DOS SANTOS","Feminino","779998321631","2009-10-11","AV ULISSES GUIMARAES","MORADA NOVA","04","NADA","Solteiro","Reconciliando","Sede","2022-03-06",""
"2022/03/06 9:38:05 PM GMT-3","JOSE GUILHERME","Masculino","66984288294","1999-11-05","RUA LUIS SALES DE OLIVEIRA","JARDIM PLANALTO","155","NADA","Solteiro","Reconciliando","Sede","2022-03-06",""
"2022/03/06 9:38:09 PM GMT-3","Gustavo Castro Gonçalves ","Masculino","(66)984197132","2007-01-24","Não sabe ","São luiz ","6","Não tem ","Solteiro","Convertida","Sede","2022-03-06",""
"2022/03/06 9:39:30 PM GMT-3","Carlos Magno Milhomem dos Santos ","Masculino","63 991281161","2000-10-11","Avenida progresso ","Jardin vitória ","119","Portão claro ","Solteiro","Reconciliando","Sede","2022-03-06",""
"2022/03/06 9:41:26 PM GMT-3","ALEX NUNES","Masculino","66999111847","1995-12-31","RUA PROJETADA 5","FAICALVILLE","06","NADA","Amasiado","Convertida","Sede","2022-03-06",""
"2022/03/06 9:42:29 PM GMT-3","WASSILLA FERREIRA BARBOSA","Feminino","66984255082","2000-12-31","RUA PROJETADA 05","FAICALVILLE","06","NADA","Amasiado","Convertida","Sede","2022-03-06",""