"Carimbo de data/hora","Nome","Sexo","Telefone","Data de Nascimento","Rua","Bairro","Número","Ponto de Referência","Estado Civil","Faixa Etária","Esta sendo","Local de conversão","fixa preenchida no dia"
"2022/02/19 9:11:00 PM GMT-3","ROBERTO ALVES DE JESUS","Masculino","66984069259","1989-06-22","RUA MN 02, CASA 08","MORADA NOVA","","CASA","Solteiro","Adulto","Reconciliando","Canaã","2022-02-19"
"2022/02/19 9:12:57 PM GMT-3","JURISVALDO DE SENA COSTA","Masculino","6684261254","1989-07-13","VILA CARACOL","P. A. INDEPENDENTE I","SN","CASA","Casado","Adulto","Reconciliando","Sede","2022-02-19"
"2022/02/20 9:11:32 PM GMT-3","Maria Lara ","Feminino","98439 3738 Mae Aline ","2007-02-14","","Rua São Cristovão  ","101","Condominio Fechado","Solteiro","Adolecente","Reconciliando","Sede","2022-02-20"
"2022/02/20 9:14:51 PM GMT-3","LUCAS  GABRIEL REZENDE","Masculino","99229 3534","2006-08-05","","","","00000","Solteiro","Adolecente","Reconciliando","Sede","2022-02-20"
"2022/02/20 9:18:22 PM GMT-3","EDVAN SILVA PEREIRA ","Masculino","IRMÃO ALENCAR  984526545","2000-07-18","RUA LAURINDO DOS SANTOS  25","VILA  NOVA ","25","00000","Solteiro","Jovem","Reconciliando","Sede","2022-02-20"